blister,vết phồng rộp (do cọ xát),"My new shoes had given me blisters, so I walked home slowly."
sprint,chạy nước rút,She sprinted to the bus stop so she wouldn't miss the bus.
hobble,"đi tập tễnh, khó nhọc (chân đau)","My new shoes had given me blisters, so I hobbled home in pain."
lunge at,"vồ tới, nhào tới (tấn công)",The cat suddenly lunged at the bird sitting on the fence.
strut,đi vênh váo,"After winning the game, he strutted around the room like a champion."
scamper,"chạy nhanh, nhẹ (vui vẻ hoặc sợ hãi)",The kids scampered across the yard to catch the puppy.
march,"đi đều bước, bước mạnh dứt khoát",She was so angry that she marched straight into the manager's office.
tiptoe,"đi nhón chân, rón rén","After the children went to bed, I quietly tiptoed out of the room so as not to wake them."
plod,lê bước nặng nề (mệt),"After the long hike, we plodded back to the car."
stumble over,vấp phải,Tom stumbled over a tree root while walking in the woods.
paddle,chèo thuyền; lội nước nông,We paddled the canoe across the lake.
dash to,lao nhanh tới (vội),I dashed to the station because I was late for work.
hop,nhảy lò cò,He hurt his ankle and had to hop to the car.
stagger,"đi lảo đảo (say, mệt)","After drinking 10 pints of beer, Ken staggered across the living room before collapsing on the sofa."
stroll,đi dạo thong thả,"We strolled down the country lane, admiring the spring foliage."
limp,đi khập khiễng (một chân đau),He twisted his ankle during the match and limped off the field.
crawl,bò; đi rất chậm,The baby crawled across the floor to reach her toy.
meander,"đi lang thang, quanh co",I meandered along the winding path at a leisurely pace until I came to the lake.
scuttle,chạy lật đật (lo lắng),"The nervous waiter scuttled quickly between the tables, trying not to spill the drinks."
waddle,đi lạch bạch (như vịt),The ducks waddled down to the pond.
amble,"đi thong thả, chậm rãi",We ambled along the beach after dinner.
skip,nhảy chân sáo,"The little girl skipped happily down the street, singing a song."
shuffle,"đi lê chân (già, yếu)","The old man shuffled slowly down the hallway, barely lifting his slippers off the floor."
wander,đi lang thang (không mục đích),"We had a free afternoon, so we wandered around the old town."
stride,"sải bước dài, tự tin",She strode confidently into the meeting room.
saunter,"đi thong dong, ung dung (tự tin, không vội)","He sauntered into the office an hour late, as if nothing had happened."
